<annotation>
	<folder>collectedimages</folder>
	<filename>hello.0ce82e1c-c71b-11ec-80cc-8c8d28df4e55.jpg</filename>
	<path>D:\Sign Language\RealTimeObjectDetection\Tensorflow\workspace\images\collectedimages\hello.0ce82e1c-c71b-11ec-80cc-8c8d28df4e55.jpg</path>
	<source>
		<database>Unknown</database>
	</source>
	<size>
		<width>640</width>
		<height>480</height>
		<depth>3</depth>
	</size>
	<segmented>0</segmented>
	<object>
		<name>hello</name>
		<pose>Unspecified</pose>
		<truncated>0</truncated>
		<difficult>0</difficult>
		<bndbox>
			<xmin>122</xmin>
			<ymin>165</ymin>
			<xmax>285</xmax>
			<ymax>347</ymax>
		</bndbox>
	</object>
</annotation>
