<annotation>
	<folder>collectedimages</folder>
	<filename>hello.108dd96c-c71b-11ec-9eb6-8c8d28df4e55.jpg</filename>
	<path>D:\Sign Language\RealTimeObjectDetection\Tensorflow\workspace\images\collectedimages\hello.108dd96c-c71b-11ec-9eb6-8c8d28df4e55.jpg</path>
	<source>
		<database>Unknown</database>
	</source>
	<size>
		<width>640</width>
		<height>480</height>
		<depth>3</depth>
	</size>
	<segmented>0</segmented>
	<object>
		<name>hello</name>
		<pose>Unspecified</pose>
		<truncated>0</truncated>
		<difficult>0</difficult>
		<bndbox>
			<xmin>281</xmin>
			<ymin>145</ymin>
			<xmax>485</xmax>
			<ymax>349</ymax>
		</bndbox>
	</object>
</annotation>
