<annotation>
	<folder>collectedimages</folder>
	<filename>hello.11c3cdcc-c71b-11ec-ab25-8c8d28df4e55.jpg</filename>
	<path>D:\Sign Language\RealTimeObjectDetection\Tensorflow\workspace\images\collectedimages\hello.11c3cdcc-c71b-11ec-ab25-8c8d28df4e55.jpg</path>
	<source>
		<database>Unknown</database>
	</source>
	<size>
		<width>640</width>
		<height>480</height>
		<depth>3</depth>
	</size>
	<segmented>0</segmented>
	<object>
		<name>hello</name>
		<pose>Unspecified</pose>
		<truncated>0</truncated>
		<difficult>0</difficult>
		<bndbox>
			<xmin>42</xmin>
			<ymin>176</ymin>
			<xmax>192</xmax>
			<ymax>375</ymax>
		</bndbox>
	</object>
</annotation>
