<annotation>
	<folder>collectedimages</folder>
	<filename>hello.0a77c27d-c71b-11ec-807b-8c8d28df4e55.jpg</filename>
	<path>D:\Sign Language\RealTimeObjectDetection\Tensorflow\workspace\images\collectedimages\hello.0a77c27d-c71b-11ec-807b-8c8d28df4e55.jpg</path>
	<source>
		<database>Unknown</database>
	</source>
	<size>
		<width>640</width>
		<height>480</height>
		<depth>3</depth>
	</size>
	<segmented>0</segmented>
	<object>
		<name>hello</name>
		<pose>Unspecified</pose>
		<truncated>0</truncated>
		<difficult>0</difficult>
		<bndbox>
			<xmin>275</xmin>
			<ymin>150</ymin>
			<xmax>509</xmax>
			<ymax>404</ymax>
		</bndbox>
	</object>
</annotation>
