<annotation>
	<folder>collectedimages</folder>
	<filename>iloveyou.6d85f795-c71b-11ec-8fe9-8c8d28df4e55.jpg</filename>
	<path>D:\Sign Language\RealTimeObjectDetection\Tensorflow\workspace\images\collectedimages\iloveyou.6d85f795-c71b-11ec-8fe9-8c8d28df4e55.jpg</path>
	<source>
		<database>Unknown</database>
	</source>
	<size>
		<width>640</width>
		<height>480</height>
		<depth>3</depth>
	</size>
	<segmented>0</segmented>
	<object>
		<name>iloveyou</name>
		<pose>Unspecified</pose>
		<truncated>0</truncated>
		<difficult>0</difficult>
		<bndbox>
			<xmin>126</xmin>
			<ymin>174</ymin>
			<xmax>233</xmax>
			<ymax>316</ymax>
		</bndbox>
	</object>
</annotation>
