<annotation>
	<folder>collectedimages</folder>
	<filename>no.497ce0cd-c71b-11ec-a787-8c8d28df4e55.jpg</filename>
	<path>D:\Sign Language\RealTimeObjectDetection\Tensorflow\workspace\images\collectedimages\no.497ce0cd-c71b-11ec-a787-8c8d28df4e55.jpg</path>
	<source>
		<database>Unknown</database>
	</source>
	<size>
		<width>640</width>
		<height>480</height>
		<depth>3</depth>
	</size>
	<segmented>0</segmented>
	<object>
		<name>no</name>
		<pose>Unspecified</pose>
		<truncated>0</truncated>
		<difficult>0</difficult>
		<bndbox>
			<xmin>270</xmin>
			<ymin>187</ymin>
			<xmax>447</xmax>
			<ymax>291</ymax>
		</bndbox>
	</object>
</annotation>
