<annotation>
	<folder>collectedimages</folder>
	<filename>no.559d2feb-c71b-11ec-ba94-8c8d28df4e55.jpg</filename>
	<path>D:\Sign Language\RealTimeObjectDetection\Tensorflow\workspace\images\collectedimages\no.559d2feb-c71b-11ec-ba94-8c8d28df4e55.jpg</path>
	<source>
		<database>Unknown</database>
	</source>
	<size>
		<width>640</width>
		<height>480</height>
		<depth>3</depth>
	</size>
	<segmented>0</segmented>
	<object>
		<name>no</name>
		<pose>Unspecified</pose>
		<truncated>0</truncated>
		<difficult>0</difficult>
		<bndbox>
			<xmin>271</xmin>
			<ymin>207</ymin>
			<xmax>430</xmax>
			<ymax>317</ymax>
		</bndbox>
	</object>
</annotation>
