<annotation>
	<folder>collectedimages</folder>
	<filename>no.51fc5137-c71b-11ec-9945-8c8d28df4e55.jpg</filename>
	<path>D:\Sign Language\RealTimeObjectDetection\Tensorflow\workspace\images\collectedimages\no.51fc5137-c71b-11ec-9945-8c8d28df4e55.jpg</path>
	<source>
		<database>Unknown</database>
	</source>
	<size>
		<width>640</width>
		<height>480</height>
		<depth>3</depth>
	</size>
	<segmented>0</segmented>
	<object>
		<name>no</name>
		<pose>Unspecified</pose>
		<truncated>0</truncated>
		<difficult>0</difficult>
		<bndbox>
			<xmin>140</xmin>
			<ymin>219</ymin>
			<xmax>302</xmax>
			<ymax>316</ymax>
		</bndbox>
	</object>
</annotation>
