<annotation>
	<folder>collectedimages</folder>
	<filename>thanks.285fac9c-c71b-11ec-94f6-8c8d28df4e55.jpg</filename>
	<path>D:\Sign Language\RealTimeObjectDetection\Tensorflow\workspace\images\collectedimages\thanks.285fac9c-c71b-11ec-94f6-8c8d28df4e55.jpg</path>
	<source>
		<database>Unknown</database>
	</source>
	<size>
		<width>640</width>
		<height>480</height>
		<depth>3</depth>
	</size>
	<segmented>0</segmented>
	<object>
		<name>thanks</name>
		<pose>Unspecified</pose>
		<truncated>0</truncated>
		<difficult>0</difficult>
		<bndbox>
			<xmin>157</xmin>
			<ymin>248</ymin>
			<xmax>417</xmax>
			<ymax>350</ymax>
		</bndbox>
	</object>
</annotation>
