<annotation>
	<folder>collectedimages</folder>
	<filename>thanks.2d36760f-c71b-11ec-aafc-8c8d28df4e55.jpg</filename>
	<path>D:\Sign Language\RealTimeObjectDetection\Tensorflow\workspace\images\collectedimages\thanks.2d36760f-c71b-11ec-aafc-8c8d28df4e55.jpg</path>
	<source>
		<database>Unknown</database>
	</source>
	<size>
		<width>640</width>
		<height>480</height>
		<depth>3</depth>
	</size>
	<segmented>0</segmented>
	<object>
		<name>thanks</name>
		<pose>Unspecified</pose>
		<truncated>0</truncated>
		<difficult>0</difficult>
		<bndbox>
			<xmin>154</xmin>
			<ymin>215</ymin>
			<xmax>411</xmax>
			<ymax>342</ymax>
		</bndbox>
	</object>
</annotation>
