<annotation>
	<folder>collectedimages</folder>
	<filename>yes.3b594b04-c71b-11ec-add3-8c8d28df4e55.jpg</filename>
	<path>D:\Sign Language\RealTimeObjectDetection\Tensorflow\workspace\images\collectedimages\yes.3b594b04-c71b-11ec-add3-8c8d28df4e55.jpg</path>
	<source>
		<database>Unknown</database>
	</source>
	<size>
		<width>640</width>
		<height>480</height>
		<depth>3</depth>
	</size>
	<segmented>0</segmented>
	<object>
		<name>yes</name>
		<pose>Unspecified</pose>
		<truncated>0</truncated>
		<difficult>0</difficult>
		<bndbox>
			<xmin>234</xmin>
			<ymin>286</ymin>
			<xmax>334</xmax>
			<ymax>444</ymax>
		</bndbox>
	</object>
</annotation>
